Unbroken Algebra,Stabilized Vector,Ideal,Rep,Repeat
D6,v.63,D6,"2x[ 0, 1, 0, 0, 0, 0 ]+1x[ 0, 0, 0, 1, 0, 0 ]"
B4 A1,v.57+v.60,B4,"2x[ 0, 1, 0, 0 ]+6x[ 0, 0, 0, 0 ]+2x[ 0, 0, 0, 1 ]",A1,"2^12+1^32"
F4,v.47+v.48+v.49,F4,"2x[ 0, 0, 1, 0 ]+4x[ 0, 0, 0, 0 ]"
C3 A1,v.42+v.56+v.59,A1,"1^32+2^12",C3,"1x[ 0, 0, 1 ]+7x[ 1, 0, 0 ]"
A5,v.44+v.46,A5,"3x[ 1, 0, 0, 0, 0 ]+3x[ 0, 1, 0, 0, 0 ]+1x[ 0, 0, 0, 1, 0 ]"
C3,v.45+v.47+v.52+v.53,C3,"2x[ 1, 0, 0 ]+4x[ 0, 0, 0 ]+4x[ 0, 0, 1 ]"
A3,v.44+v.46+v.49,A3,"12x[ 0, 0, 0 ]+4x[ 1, 0, 0 ]+4x[ 0, 1, 0 ]+2x[ 0, 0, 1 ]"
A1 A1 A1,v.41+v.42+v.43+v.51,A1,"2^16+3^2+1^18",A1,"1^32+2^12",A1,"4^4+2^8+3^6+1^6"
A1 B3,v.20+v.21+v.49,B3,"2x[ 0, 1, 0 ]+10x[ 0, 0, 0 ]+4x[ 1, 0, 0 ]",A1,"2^12+1^32"
G2 A1,v.34+v.35+v.36+v.43,A1,"4^1+2^26",G2,"6x[ 0, 1 ]+14x[ 0, 0 ]"
G2,v.37+v.38+v.39+v.40+v.41,G2,"2x[ 0, 1 ]+4x[ 1, 0 ]"
B3,v.27+v.30+v.31+v.37,B3,"2x[ 0, 1, 0 ]+10x[ 0, 0, 0 ]+4x[ 1, 0, 0 ]"
A1 A1,v.34+v.35+v.36+v.37+v.43,A1,"3^6+1^14+2^12",A1,"4^1+2^26"
A1 A1 A1,v.27+v.28+v.39+v.49,A1,"2^16+3^2+1^18",A1,"1^32+2^12",A1,"1^32+2^12"
